{
	"title": "GTP.stationDetails.title",
	"container": { 
			"leftSegment":{
				"components": [
					{
						"type": "Station Details Table",
						"options": {
							"float": "left",
                            "componentWidth": "33",
                            "operationTypes": ["Picking", "Consolidation", "Decanting", "Cycle Count"],
                            "enableExportCSV": true,
                            "enablePrint": true,
                            "enableColSearch": true,
                            "enableColFilter": true,
                            "enableFontSizeButton": true,
                            "tableColumns": [
                                {
                                    "label": "GTP.stationDetails.Station Name",
                                    "name":"Station Name",
                                    "dataField": "stationId",
                                    "sortable": true
                                },
                                {
                                    "label": "GTP.stationDetails.Station Status",
                                    "name":"Station Status",
                                    "dataField": "status",
                                    "sortable": true
                                },
                                {
                                    "label": "GTP.stationDetails.Station Overall Run Time",
                                    "name":"Station Overall Run Time",
                                    "dataField": "stationRunTime",
                                    "sortable": true
                                },
                                {
                                    "label": "GTP.stationDetails.Operator Name",
                                    "name":"Operator Name",
                                    "dataField": "operatorName",
                                    "sortable": true
                                },
                                {
                                    "label": "GTP.stationDetails.Run Time",
                                    "name":"Run Time",
                                    "dataField": "operatorRunTime",
                                    "sortable": true
                                },
                                {
                                    "label": "GTP.stationDetails.Dwell Time",
                                    "name":"Dwell Time",
                                    "dataField": "dwellTime",
                                    "sortable": true
                                },
                                {
                                    "label": "GTP.stationDetails.Task/Units",
                                    "name":"Task/Units",
                                    "dataField": "itemsCompleted",
                                    "sortable": true
                                },
                                {
                                    "label": "GTP.stationDetails.Throughput",
                                    "name":"Throughput",
                                    "dataField": "throughput",
                                    "sortable": true
                                },
                                {
                                    "label": "GTP.stationDetails.Productivity",
                                    "name":"Productivity",
                                    "dataField": "productivity",
                                    "sortable": true
                                }
                            ],
							"query": "query getChuteDetails($startTime: Long!, $sorterId: String!) { getChuteDetails(startTime: $startTime, xMins: 1440, sorterId:$sorterId) { chuteId full duration statusTs disabled } }"
						}
					}						
				]
			},
			"rightSegment": {
				"components": []
			}
		}
}
